Category,Club
Cultural,Turkish Culture Association
Cultural,African Student Organization
Cultural,Albanian Student Association
Cultural,Bangali Student Association
Cultural,Binghamton Fujianese Union
Cultural,Caribbean Student Association
Cultural,Chinese American Student Union
Cultural,Dominican Student Association
Cultural,Haitian Student Association
Cultural,Hellenic Cultural Society
Cultural,Hong Kong Exchange Square
Cultural,Indian International Student Union
Cultural,Korean American Christian Fellowship
Cultural,Korean American Student Association
Cultural,Korean International Students Association
Cultural,Latin American Student Union
Cultural,Pakistani Students Association
Cultural,Philippine-American League
Cultural,Sikh & Punjabi Student Association
Cultural,Taiwanese American Student Coalition
Cultural,Vietnamese Student Association
Religion,Active Minds
Religion,American Medical Women's Association
Religion,Association For Women in Mathematics
Religion,Bible Fellowship
Religion,Catholic Students / Newman Association
Religion,Chabad
Religion,Chinese Christian Fellowship
Religion,Hindu Student Council
Religion,InterVarsity Christian Fellowship
Religion,Keshet
Religion,Korean American Christian Fellowship
Religion,Muslim Student Association
Religion,One Special World
Religion,Pakistani Students Association
Religion,Partners In Health
Religion,Paws and Effect
Religion,Philosophy of Science Club
Religion,Pre- Genetic Counseling
Religion,Pre-Dental Association
Religion,Pre-Law Education Organization
Religion,Pre-Medical Association
Religion,Pre-Occupational & Physical Therapy Association
Religion,Pre-Optometry Association
Religion,Pre-Physician Assistant Society
Religion,Pre-SOMA
Religion,Pre-Veterinary Society
Religion,Society of Women Engineers
Religion,The Pappy Parker Players
Religion,Thurgood Marshall Pre-law Society
Religion,Young Democratic Socialists of America at Binghamton University
Religion,Zionist Organization
Technology,Actuarial Association
Technology,American Society of Mechanical Engineers
Technology,Binghamton Automotive Enthusiasts Club
Technology,Binghamton University Chapter of Pretty Girls Sweat
Technology,Data Science and Analytics
Technology,Information Systems Club
Technology,Institute of Electrical and Electronics Engineers
Technology,Mechanical Contractors Association of America
Technology,Minecraft Club
Technology,Model United Nations
Technology,Mountainview College Council
Technology,Product Management Development Program
Technology,Society of Asian Scientists and Engineers
Technology,Society of Automotive and Aerospace Engineers
Technology,Society of Hispanic Professional Engineers
Technology,Video Game Association
Science,Alzheimer's Foundation of America On Campus
Science,American Cancer Society on Campus
Science,Association for Applied Behavioral Sciences
Science,Association for Operations Management
Science,Astronomy Club
Science,Audubon Society
Science,Biochemistry Club
Science,Biological Sciences Club
Science,Evolutionary Studies Student Association
Science,Neuroscience Club
Science,One Health Medical Association
Science,Philosophy of Science Club
Science,Pre- Genetic Counseling
Science,Pre-Medical Association
Science,Pre-Occupational & Physical Therapy Association
Science,Pre-Optometry Association
Science,Pre-Physician Assistant Society
Science,Pre-SOMA
Science,Medical Research Interest Club
Science,Medical Roots Project
Science,Medicine In Sports
Science,MEDLIFE
Science,Microbiology Club
Science,Nursing Student Association
Science,Plant-Based Bing
Science,Undergraduate Chemical Society
Mathematics,Actuarial Association
Mathematics,American Parliamentary Debate Association
Mathematics,Association For Women in Mathematics
Mathematics,Chess Club
Mathematics,Math Club
Mathematics,Teachers in Mathematics Association
Nature,Audubon Society
Nature,Binghamton Bicycle Co-Op
Nature,Gardening Club
Nature,Environmental CHANGE
Nature,Food Co-Op
Nature,Food Recovery Network
Nature,Plant-Based Bing
Nature,Water for Life
Sports,American Cancer Society on Campus
Sports,American Medical Women's Association
Sports,Ballroom Dance Association
Sports,Bhangra
Sports,Binghamton Aiding Hearts
Sports,Binghamton Buddies
Sports,Binghamton Bowling
Sports,Binghamton Skate Club
Sports,Binghamton Swifties
Sports,Binghamton University Bees
Sports,Binghamton University Japanese Association
Sports,Cheerleaders
Sports,Martial Arts Club
Sports,MEDLIFE
Sports,Pep Band
Sports,SnoCats Ski & Snowboard Club
Sports,Undergraduate Chemical Society
Political,American Red Cross Club
Political,Amnesty International
Political,Binghamton Policy Project
Political,College Democrats
Political,College Libertarians
Political,College Republicans
Political,Dickinson Town Council
Political,International Flag Dancers
Political,Juvenile Urban Multicultural Program
Political,Mafia Club
Political,New York Public Interest Research Group
Political,Pre-Law Education Organization
Political,Stand-Up
Political,Summit on Student Political Engagement
Political,Young Democratic Socialists of America at Binghamton University
Government,American Red Cross Club
Government,Dickinson Town Council
Government,New York Public Interest Research Group
Government,Summit on Student Political Engagement
Health,Alzheimer's Foundation of America On Campus
Health,American Cancer Society on Campus
Health,American Medical Women's Association
Health,Association for Applied Behavioral Sciences
Health,Habitat for Humanity
Health,Health and Wellness Studies Association
Health,MEDLIFE
Health,Medical Research Interest Club
Health,Medical Roots Project
Health,Medicine In Sports
Health,Nursing Student Association
Health,One Health Medical Association
Health,Planned Parenthood Generation Binghamton
Health,Pre Pharmacy Association
Health,SHADES
Health,Student Psychological Association
Health,Wishmakers on Campus
