72809,Turkish Culture Association
72704,#EndAlz
23003,Accounting Association
23004,Active Minds
23005,Actuarial Association
23006,African Student Organization
73984,Albanian Student Association 
23007,Alzheimer's Foundation of America On Campus 
23076,American Cancer Society on Campus
23008,American Medical Women's Association
23009,American Parliamentary Debate Association
23010,American Red Cross Club
23011,American Sign Language Club
23012,American Society of Mechanical Engineers
23014,Anime Club
23015,Art Co-Op
23017,Asian Outlook
23018,Asian Student Union
23019,Association for Applied Behavioral Sciences
23020,Association for Operations Management
56980,Association For Women in Mathematics
23022,Astronomy Club
33176,Audubon Society
72527,Bake Back America at Binghamton
23023,Ballroom Dance Association
32688,Bangali Student Association 
23025,Best Buddies 
23026,Bhangra
71660,Big Brothers Big Sisters
71661,Bing Swifties
64499,Binghamton Aiding Hearts
71286,Binghamton Army ROTC Club
66624,Binghamton Art Club
73985,Binghamton Association for Transfer Students
71101,Binghamton Automotive Enthusiasts Club
66744,Binghamton Bicycle Co-Op
67287,Binghamton Bookworms
71099,Binghamton Bowling
23027,Binghamton Buddies
23028,Binghamton Cheese Club
23029,Binghamton Crosbys
72303,Binghamton Economics Club 
71313,Binghamton Fujianese Union
23198,Binghamton Policy Project 
72210,Binghamton Real Estate Society
23034,Binghamton Review
67369,Binghamton Scientista
67519,Binghamton Skate Club
23036,Binghamton Students for Autism Acceptance
23039,Binghamton University Bees
23041,Binghamton University Chapter of Pretty Girls Sweat
23042,Binghamton University Japanese Association
23043,Biochemistry Club
23044,Biological Sciences Club
23045,Black Dance Repertoire 
23046,Black Student Union
23030,Board Game Group
23047,Boys and Girls Club Mentors
23049,BU Association of Mixed Students
73960,BU Bouncers
23050,BU K-Pop Club
23051,BU Science
23053,Business, Entertainment, Advertising & Media
23054,Campus Bible Fellowship
23055,Campus Survival Games
72437,Candela: Latin Dance Club
23056,Candid Photography Club
23057,Caribbean Student Association
23058,Catholic Students / Newman Association
23059,Chabad
23061,Charles Drew Minority Pre-Health Society
23062,Chess Club
23063,China Care Club
23064,ChinaScope
23065,Chinese American Student Union
23066,Chinese Christian Fellowship
23067,Circle K
67368,Citizens' Climate Lobby
23070,Collectable Card Game Association
23071,College Democrats
23072,College in the Woods Council
23073,College Libertarians
23075,College Republicans
73961,ColorStack BU
23077,Comic Book Club
73930,Consult Your Community 
23078,Corazoncitos
23080,Data Science and Analytics
23082,Dickinson Community Players
23083,Dickinson Town Council
51041,Domestic and Oppressive Violence Education
72123,Dominican Student Association 
23086,Education Club
66996,Environmental CHANGE
23090,ESCAPE Bus Company
23091,Evolution Dance Company
23092,Evolutionary Studies Student Association
23093,Explorchestra
23254,Feminist Collective
23037,Film and Production Society
73810,Finance Society
66623,Financial Literacy for the Youth
23097,Food Co-Op
55720,Food Recovery Network
23153,Free Press
67115,Friends of MSF at Binghamton University
73964,Gardening Club
72440,Girl Gains at BU
44663,Global Medical Missions Alliance
23105,Guitar Club
23106,Habitat for Humanity
23107,Haitian Student Association
23111,Hellenic Cultural Society
23115,Hillel-Jewish Student Union
23116,Hillside Village Council
23117,Hindu Student Council
23118,Hinman College Council
23119,Hinman Production Company
23120,History Club
23121,Hong Kong Exchange Square
23123,Human Development Association
73849,Ice-Skating Club 
23125,Imagination Craft Works
23126,Indian International Student Union
23127,Information Systems Club
23128,Institute of Electrical and Electronics Engineers
66994,Interdisciplinary Research Club
23131,International Flag Dancers
23132,Intervarsity Christian Fellowship
23135,Juvenile Urban Multicultural Program
73591,Keshet
23136,KnitWits
23138,Korean American Christian Fellowship
23139,Korean American Student Association
73932,Korean International Students Association
23142,Latin American Student Union
23146,Mafia Club
72121,MajorNoir 
23147,Management Consulting Group at Binghamton University
23052,Marketing Association (BUMA)
23149,Mary E. Mahoney Nursing Support Group 
23150,Masti
23151,Math Club
72438,Matryoshka Club
23152,Mechanical Contractors Association of America
64502,Medical Research Interest Club
23154,Medical Roots Project
73936,Medicine In Sports
23156,MEDLIFE
27942,Men of Color Scholastic Society
23157,Meor
23410,Microbiology Club
73959,Minecraft Club
23158,Mock Trial Club
56440,MODA X
23159,Model United Nations 
72439,Moot Court Club
23160,Mountainview College Council
73963,Muggles
23161,Muslim Student Association
23024,National Association of Black Accountants
23162,National Society of Black Engineers
72436,Neurodiversity Club
72533,Neuroscience Club
23163,New York Public Interest Research Group
72528,New York State Mentoring Club at Binghamton University
23164,Newing College Council
23165,No Strings Attached
23167,Nursing Student Association
23169,Off Campus College Council
72384,One Health Medical Association 
23170,One Special World
23171,Origami Club 
55951,oSTEM
23172,Pakistani Students Association
23174,Partners In Health
23175,Paws and Effect
23177,Pep Band
23178,Philippine-American League
23179,Philosophy of Science Club
23181,Pipe Dream
67520,Planned Parenthood Generation Binghamton
72122,Plant-Based Bing
23182,Pokemon Fan Club
23183,Poker Club
23184,Poverty Awareness Coalition
23185,Powerful United Ladies Striving to Elevate
23186,Pre Pharmacy Association
65198,Pre-Genetic Counseling 
23187,Pre-Dental Association
67288,Pre-Law Education Organization
23188,Pre-Medical Association
23189,Pre-Occupational & Physical Therapy Association
23190,Pre-Optometry Association
23191,Pre-Physician Assistant Society
23192,Pre-SOMA
23193,Pre-Veterinary Society
66742,Product Management Development Program
23194,Production and Mixing
72212,Queer Leadership Advancement
23195,Quimbamba
72211,Quiz Bowl 
23196,Rainbow Pride Union
64326,Relay For Life
71354,Rena Magazine
23197,Rhythm Method
23200,SA Advocates
23201,SA INK
23205,SHADES
23206,She's the First
72213,Sikh & Punjabi Student Association 
23207,Slam Poetry Club
23208,SnoCats Ski & Snowboard Club
23209,Society for Human Resource Management
23210,Society of Asian Scientists and Engineers
23211,Society of Automotive and Aerospace Engineers
23212,Society of Hispanic Professional Engineers
23213,Society of Women Engineers
72739,SOM Community Service Committee
72383,SOM Diversity, Inclusion, and Belonging Club 
65068,Sound of Binghamton
23214,Spanish Club
23215,Speech and Debate 
23216,Speech and Language Association
23218,Stand-Up
30606,Storytelling Workshop Club
23219,Student Association
23220,Student Association Judicial Board
23221,Student Association Programming Board
23222,Student Association Student Congress
23223,Student Design Agency
23224,Student Psychological Association
23226,Student Volunteer Center
23227,Students for Ethical Living and Food
67521,Students for Justice in Palestine
23229,Sul Poong
73808,Summit on Student Political Engagement
23230,SUNY Kids
23231,Susquehanna Community Council
72534,Swipe Out Hunger at BU
23232,Taiwanese American Student Coalition
23233,Tap That
71355,Teachers in Mathematics Association
23235,Team Sunrise
66995,Thai Student Organization
23236,The Binghamton Law Quarterly
23237,The Binghamton University Times Tribune
23238,The Binghamtonics
55863,The Business Fashion Society
23239,The Pappy Parker Players
23240,Thurgood Marshall Pre-law Society
64689,TOPSoccer
23241,Treblemakers
72207,Undergraduate Art History Association
23244,Undergraduate Chemical Society
73962,Undivided: Multicultural R&B Group
23246,Uyai Nnua 
23248,Vibrations
23249,Video Game Association
23250,Vietnamese Student Association
73981,Water for Life
23109,WHRW 90.5 FM
23251,Wishmakers on Campus
23253,Women in Business
23255,X-Fact'r Step Team
64505,Young Democratic Socialists of America at Binghamton University
55952,Zero Hour Binghamton
23256,Zionist Organization